{"cameraMode":{"drawMode":0,"name":"Shaded","section":"Shading Mode"},"sceneLighting":true,"audioPlay":false,"sceneViewState":{"m_AlwaysRefresh":false,"showFog":false,"showSkybox":true,"showFlares":false,"showImageEffects":false,"showParticleSystems":false,"showVisualEffectGraphs":true,"m_FxEnabled":true},"in2DMode":false,"pivot":{"x":1.8571641445159913,"y":1.2551826238632203,"z":4.433562278747559},"rotation":{"x":0.016600407660007478,"y":-0.7045966982841492,"z":0.01649024523794651,"w":0.7092536091804504},"size":2.7615857124328615,"orthographic":false}