{"cameraMode":{"drawMode":0,"name":"Shaded","section":"Shading Mode"},"sceneLighting":true,"audioPlay":false,"sceneViewState":{"m_AlwaysRefresh":false,"showFog":false,"showSkybox":true,"showFlares":false,"showImageEffects":false,"showParticleSystems":false,"showVisualEffectGraphs":true,"m_FxEnabled":true},"in2DMode":false,"pivot":{"x":5.0879998207092289,"y":1.7799999713897706,"z":2.8000001907348635},"rotation":{"x":0.014319544658064843,"y":-0.7120503783226013,"z":0.01452884916216135,"w":0.7018620371818543},"size":2.7615854740142824,"orthographic":false}