{"cameraMode":{"drawMode":0,"name":"Shaded","section":"Shading Mode"},"sceneLighting":true,"audioPlay":false,"sceneViewState":{"m_AlwaysRefresh":false,"showFog":false,"showSkybox":true,"showFlares":false,"showImageEffects":false,"showParticleSystems":false,"showVisualEffectGraphs":true,"m_FxEnabled":true},"in2DMode":false,"pivot":{"x":3.0830745697021486,"y":1.529228925704956,"z":5.5203351974487309},"rotation":{"x":0.01608201488852501,"y":-0.6786359548568726,"z":0.014864016324281693,"w":0.7341793179512024},"size":2.7615857124328615,"orthographic":false}