{"cameraMode":{"drawMode":0,"name":"Shaded","section":"Shading Mode"},"sceneLighting":true,"audioPlay":false,"sceneViewState":{"m_AlwaysRefresh":false,"showFog":false,"showSkybox":true,"showFlares":false,"showImageEffects":false,"showParticleSystems":false,"showVisualEffectGraphs":true,"m_FxEnabled":true},"in2DMode":false,"pivot":{"x":5.240654468536377,"y":0.8499191999435425,"z":4.506009101867676},"rotation":{"x":0.006907268892973661,"y":-0.7163621187210083,"z":0.007092851679772139,"w":0.6976877450942993},"size":1.1428372859954835,"orthographic":false}